{
  "length": [
    1.0,
    3.0,
    5.0,
    9.0,
    13.0
  ],
  "mse": [
    0.0,
    0.0013279486447572708,
    0.0034482318442314863,
    0.006133291870355606,
    0.007014376111328602
  ],
  "psnr": [
    Infinity,
    28.768186569213867,
    24.624034881591797,
    22.123065948486328,
    21.540109634399414
  ],
  "ssim": [
    1.0,
    0.9494599063294833,
    0.8899531999406616,
    0.8125519810257297,
    0.7743469124722869
  ]
}