{
  "sigma": [
    0.01,
    0.028000000000000004,
    0.046000000000000006,
    0.064,
    0.082,
    0.1
  ],
  "mse": [
    9.98800533125177e-05,
    0.0007849237299524248,
    0.0021053096279501915,
    0.00401719706133008,
    0.006464405916631222,
    0.009434709325432777
  ],
  "psnr": [
    40.005210876464844,
    31.051727294921875,
    26.76683807373047,
    23.960769653320312,
    21.89471435546875,
    20.252714157104492
  ],
  "ssim": [
    0.9233345358915711,
    0.6199717198420911,
    0.39549896021549524,
    0.2684092832154926,
    0.19491804199542273,
    0.14965672496186738
  ]
}