{
  "sigma": [
    0.00876889402941094,
    0.01240108886340541,
    0.01753778805882188,
    0.02480217772681082,
    0.03507557611764376
  ],
  "mse": [
    7.237595127662644e-05,
    0.00014437831123359501,
    0.0002865500282496214,
    0.0005753825535066426,
    0.001140675856731832
  ],
  "psnr": [
    41.404057150576044,
    38.404980423552054,
    35.42799544391177,
    32.40043310729781,
    29.428377505269903
  ],
  "ssim": [
    0.9749579830884694,
    0.9524536626386297,
    0.9126052906974692,
    0.8474736494421542,
    0.7567972092911096
  ]
}