{
  "sigma": [
    0.00876889402941094,
    0.01240108886340541,
    0.01753778805882188,
    0.02480217772681082,
    0.03507557611764376
  ],
  "mse": [
    7.229645416373387e-05,
    0.00014323240611702204,
    0.00028696563094854355,
    0.0005715419538319111,
    0.0011390259023755789
  ],
  "psnr": [
    41.4088300249644,
    38.439587124360216,
    35.42170114357295,
    32.429518848680885,
    29.434663995987993
  ],
  "ssim": [
    0.9751629031831254,
    0.9526327481996133,
    0.9129342199684894,
    0.848544102462264,
    0.7562835953222083
  ]
}