{
  "sigma": [
    0.01,
    0.028000000000000004,
    0.046000000000000006,
    0.064,
    0.082,
    0.1
  ],
  "mse": [
    9.373664943268523e-05,
    0.0007222609710879624,
    0.0019701679702848196,
    0.003702388843521476,
    0.006094601005315781,
    0.008888103067874908
  ],
  "psnr": [
    40.280906677246094,
    31.41305923461914,
    27.054967880249023,
    24.315181732177734,
    22.15054702758789,
    20.51190948486328
  ],
  "ssim": [
    0.9679789823820532,
    0.8204082959403108,
    0.6648341092652853,
    0.5495400915808558,
    0.45698610301718295,
    0.38888015293321343
  ]
}