{
  "sigma": [
    0.00876889402941094,
    0.01240108886340541,
    0.01753778805882188,
    0.02480217772681082,
    0.03507557611764376
  ],
  "mse": [
    7.624590216437355e-05,
    0.00015284057008102536,
    0.0003048240614589304,
    0.000611384108196944,
    0.0012208338594064116
  ],
  "psnr": [
    41.17783492508699,
    38.157613511028266,
    35.159507546998896,
    32.13685854147831,
    29.133434342143545
  ],
  "ssim": [
    0.9542161177496251,
    0.914427799708866,
    0.8484558198060378,
    0.752002826797466,
    0.6328060001061487
  ]
}