{
  "sigma": [
    0.00876889402941094,
    0.01240108886340541,
    0.01753778805882188,
    0.02480217772681082,
    0.03507557611764376
  ],
  "mse": [
    7.66804296290502e-05,
    0.00015291073941625655,
    0.0003051066305488348,
    0.0006088877562433481,
    0.001224082661792636
  ],
  "psnr": [
    41.153154624997256,
    38.15562011609074,
    35.155483542078684,
    32.15462758823476,
    29.121892534745776
  ],
  "ssim": [
    0.9539187889041345,
    0.9140526191746091,
    0.8485889274338528,
    0.7526568167143113,
    0.6324606708122844
  ]
}