{
  "quality": [
    10,
    20,
    40,
    60,
    80,
    95
  ],
  "mse": [
    0.0016829442465677857,
    0.0009147498058155179,
    0.0004849639080930501,
    0.0003075359854847193,
    0.00013593390758614987,
    2.0756207959493622e-05
  ],
  "psnr": [
    27.739302713141527,
    30.386976740340394,
    33.14290581190063,
    35.12104059130661,
    38.66672198596551,
    46.82851986695163
  ],
  "ssim": [
    0.839525061321677,
    0.8961952768147897,
    0.9345587409395876,
    0.9534151295481517,
    0.9727687787984017,
    0.9926784456442501
  ]
}