{
  "sigma": [
    0.00876889402941094,
    0.01240108886340541,
    0.01753778805882188,
    0.02480217772681082,
    0.03507557611764376
  ],
  "mse": [
    7.693986117374152e-05,
    0.00015404989244416356,
    0.00030728403362445533,
    0.0006141409976407886,
    0.001228530891239643
  ],
  "psnr": [
    41.13848601646729,
    38.12338600566272,
    35.12460004953316,
    32.11731909856303,
    29.10613918771817
  ],
  "ssim": [
    0.9397543336931562,
    0.8870667686758057,
    0.8001937687935532,
    0.6730915614063876,
    0.5176031735384488
  ]
}