{
  "sigma": [
    0.00876889402941094,
    0.01240108886340541,
    0.01753778805882188,
    0.02480217772681082,
    0.03507557611764376
  ],
  "mse": [
    7.690444908803329e-05,
    0.00015378114767372608,
    0.0003072272811550647,
    0.0006149501423351467,
    0.0012331692269071937
  ],
  "psnr": [
    41.14048534600521,
    38.1309690226612,
    35.12540222465241,
    32.11160093633474,
    29.089773214018614
  ],
  "ssim": [
    0.9397971657481529,
    0.8873197976827994,
    0.8001527814106039,
    0.6727261526070717,
    0.5168326423993851
  ]
}