{
  "quality": [
    10,
    20,
    40,
    60,
    80,
    95
  ],
  "mse": [
    0.0003909029474016279,
    0.0001933847670443356,
    0.00010876623855438083,
    7.605003338539973e-05,
    4.4142107071820647e-05,
    1.4092883247940335e-05
  ],
  "psnr": [
    34.07931137084961,
    37.13577651977539,
    39.63505935668945,
    41.18900680541992,
    43.55146789550781,
    48.51000213623047
  ],
  "ssim": [
    0.8717818526154442,
    0.9115003842631606,
    0.9429107742788876,
    0.9580301398211255,
    0.9736270724970414,
    0.9904637063751397
  ]
}