{
  "length": [
    1.0,
    3.0,
    5.0,
    9.0,
    13.0
  ],
  "mse": [
    0.0,
    0.0013279486447572708,
    0.0034482318442314863,
    0.006133291870355606,
    0.007014376111328602
  ],
  "psnr": [
    Infinity,
    28.76818719945254,
    24.62403541778478,
    22.123063676671855,
    21.54010950930239
  ],
  "ssim": [
    1.0,
    0.9494599063294833,
    0.8899531999406616,
    0.8125519810257297,
    0.7743469124722869
  ]
}