{
  "length": [
    1.0,
    3.0,
    5.0,
    9.0,
    13.0
  ],
  "mse": [
    0.0,
    0.00010102408850798383,
    0.000252333382377401,
    0.0005511579802259803,
    0.0008608506759628654
  ],
  "psnr": [
    Infinity,
    39.95574951171875,
    35.980255126953125,
    32.58723831176758,
    30.650720596313477
  ],
  "ssim": [
    1.0,
    0.9813117434554168,
    0.9546733299487736,
    0.9224834019076331,
    0.9009247752848792
  ]
}