{
  "sigma": [
    0.01,
    0.028000000000000004,
    0.046000000000000006,
    0.064,
    0.082,
    0.1
  ],
  "mse": [
    9.919080912368372e-05,
    0.0007824595086276531,
    0.0020854207687079906,
    0.0040132817812263966,
    0.006506738252937794,
    0.009473495185375214
  ],
  "psnr": [
    40.03528594970703,
    31.065380096435547,
    26.808063507080078,
    23.965003967285156,
    21.86636734008789,
    20.23489761352539
  ],
  "ssim": [
    0.9416580715094643,
    0.7110795910917084,
    0.5383056249067796,
    0.4311407848984769,
    0.36292671130798215,
    0.31577368987832566
  ]
}