{
  "quality": [
    10,
    20,
    40,
    60,
    80,
    95
  ],
  "mse": [
    0.001274875015951693,
    0.0007007565000094473,
    0.0003763553104363382,
    0.0002505576703697443,
    0.00012011790386168286,
    2.1159803509362973e-05
  ],
  "psnr": [
    28.945323944091797,
    31.544326782226562,
    34.2440185546875,
    36.01092529296875,
    39.203922271728516,
    46.7448844909668
  ],
  "ssim": [
    0.8181432815172709,
    0.8925547770835942,
    0.9381993743063279,
    0.9577065159805491,
    0.9768915548065132,
    0.9944644450724068
  ]
}