{
  "length": [
    1.0,
    3.0,
    5.0,
    9.0,
    13.0
  ],
  "mse": [
    0.0,
    0.0005775855388492346,
    0.0011896466603502631,
    0.0023505445569753647,
    0.0034241899847984314
  ],
  "psnr": [
    Infinity,
    32.38383688839734,
    29.24582010243303,
    26.28831511901756,
    24.654421473066183
  ],
  "ssim": [
    1.0,
    0.9533540638316025,
    0.8904428786290287,
    0.7784295126356282,
    0.7039748754917546
  ]
}