{
  "quality": [
    10,
    20,
    40,
    60,
    80,
    95
  ],
  "mse": [
    0.0016829442465677857,
    0.0009147498058155179,
    0.0004849639080930501,
    0.0003075359854847193,
    0.00013593390758614987,
    2.0756207959493622e-05
  ],
  "psnr": [
    27.739303588867188,
    30.386978149414062,
    33.142906188964844,
    35.12104034423828,
    38.66672134399414,
    46.82851791381836
  ],
  "ssim": [
    0.839525061321677,
    0.8961952768147897,
    0.9345587409395876,
    0.9534151295481517,
    0.9727687787984017,
    0.9926784456442501
  ]
}